beta,gamma,density
2.342148421484215,0.00048024367879520504,0.00048024367879520504
